,acc,uar
fold1,0.4492857142857143,0.5019612903225806
fold2,0.5014285714285714,0.5055677559983999
fold3,0.48,0.5098511670600577
fold4,0.49642857142857144,0.5034598897734232
fold5,0.455,0.5041125541125541
average,0.4764285714285714,0.5049905314534031
