,acc,uar
fold1,0.6621428571428571,0.6546719715283373
fold2,0.6264285714285714,0.6233606523720754
fold3,0.6442857142857142,0.6434232026143791
fold4,0.6835714285714286,0.6828588578288458
fold5,0.6471428571428571,0.6445169413919414
average,0.6527142857142858,0.6497663251471157
