,acc,uar,epoch,dataset
fold1,0.6565853658536586,0.5884202078337806,195,crema-d
fold2,0.656084656084656,0.6176492724232019,162,crema-d
fold3,0.6752688172043011,0.6321701495235515,191,crema-d
fold4,0.6829268292682927,0.5977295530368694,199,crema-d
fold5,0.6701570680628273,0.5803385250760416,195,crema-d
average,0.6682045472947472,0.603261541578689,195,crema-d
