,acc,uar,epoch,dataset
fold1,0.6965853658536585,0.6139272041562792,155,crema-d
fold2,0.691005291005291,0.634013879645512,165,crema-d
fold3,0.7301075268817204,0.642677005346828,188,crema-d
fold4,0.7168610816542949,0.6314753029972032,199,crema-d
fold5,0.6994764397905759,0.6193102453913093,163,crema-d
average,0.7068071410371081,0.6282807275074264,163,crema-d
