,acc,uar,epoch,dataset
fold1,0.6517073170731708,0.6109544698507864,164,crema-d
fold2,0.6730158730158731,0.6018323410468314,198,crema-d
fold3,0.6666666666666666,0.6114554789720295,179,crema-d
fold4,0.6956521739130435,0.5831681959729769,163,crema-d
fold5,0.6628272251308901,0.5924018839726107,190,crema-d
average,0.6699738511599287,0.599962473963047,190,crema-d
