,acc,uar,epoch,dataset
fold1,0.6429268292682927,0.5889413535074159,162,crema-d
fold2,0.6825396825396826,0.6128491522193148,185,crema-d
