,acc,uar,epoch,dataset
fold1,0.6478048780487805,0.5935730619651781,192,crema-d
fold2,0.6571428571428571,0.5848498980952308,188,crema-d
fold3,0.7150537634408602,0.6103070597199001,188,crema-d
fold4,0.711558854718982,0.6103286485742733,181,crema-d
fold5,0.694240837696335,0.6173622176726493,199,crema-d
average,0.685160238209563,0.6032841772054462,199,crema-d
