,acc,uar
fold1,0.5828571428571429,0.5
fold2,0.5385714285714286,0.5
fold3,0.5142857142857142,0.5
fold4,0.51,0.5
fold5,0.52,0.5
average,0.5331428571428571,0.5
